<?xml version="1.0" encoding="UTF-8"?>
<project-private xmlns="http://www.netbeans.org/ns/project-private/1">
    <editor-bookmarks xmlns="http://www.netbeans.org/ns/editor-bookmarks/2" lastBookmarkId="0"/>
    <open-files xmlns="http://www.netbeans.org/ns/projectui-open-files/2">
        <group>
            <file>file:/C:/School/Sonoran/Paragon2021/zSoftware/Netbeans/Racko2022/src/racko/player/current/PlayerGregorSamsa.java</file>
            <file>file:/C:/School/Sonoran/Paragon2021/zSoftware/Netbeans/Racko2022/src/racko/run/RunConsole.java</file>
            <file>file:/C:/School/Sonoran/Paragon2021/zSoftware/Netbeans/Racko2022/src/racko/player/animals/PlayerTurtle.java</file>
            <file>file:/C:/School/Sonoran/Paragon2021/zSoftware/Netbeans/Racko2022/src/racko/player/animals/PlayerFlatworm.java</file>
            <file>file:/C:/School/Sonoran/Paragon2021/zSoftware/Netbeans/Racko2022/src/racko/player/animals/PlayerFrog.java</file>
            <file>file:/C:/School/Sonoran/Paragon2021/zSoftware/Netbeans/Racko2022/src/racko/run/RunBenchmark.java</file>
            <file>file:/C:/School/Sonoran/Paragon2021/zSoftware/Netbeans/Racko2022/src/racko/run/RunTournament.java</file>
            <file>file:/C:/School/Sonoran/Paragon2021/zSoftware/Netbeans/Racko2022/src/racko/run/RunDual.java</file>
            <file>file:/C:/School/Sonoran/Paragon2021/zSoftware/Netbeans/Racko2022/src/racko/player/animals/PlayerAmoeba.java</file>
            <file>file:/C:/School/Sonoran/Paragon2021/zSoftware/Netbeans/Racko2022/src/racko/run/RunMatch.java</file>
            <file>file:/C:/School/Sonoran/Paragon2021/zSoftware/Netbeans/Racko2022/src/racko/run/RunSolo.java</file>
        </group>
    </open-files>
</project-private>
