<?xml version="1.0" encoding="UTF-8"?>
<project-private xmlns="http://www.netbeans.org/ns/project-private/1">
    <editor-bookmarks xmlns="http://www.netbeans.org/ns/editor-bookmarks/2" lastBookmarkId="0"/>
    <open-files xmlns="http://www.netbeans.org/ns/projectui-open-files/2">
        <group>
            <file>file:/C:/School/Basis/Basis2017/zSoftware/Netbeans/GridWorld/src/info/gridworld/actor/Bug.java</file>
            <file>file:/C:/School/Basis/Basis2017/zSoftware/Netbeans/GridWorld/src/exercises/circlebug/CircleBug.java</file>
            <file>file:/C:/School/Basis/Basis2017/zSoftware/Netbeans/GridWorld/src/exercises/zbug/ZBug.java</file>
            <file>file:/C:/School/Basis/Basis2017/zSoftware/Netbeans/GridWorld/src/exercises/circlebug/CircleBugRunner.java</file>
            <file>file:/C:/School/Basis/Basis2017/zSoftware/Netbeans/GridWorld/src/examples/boxbug/BoxBugRunner.java</file>
            <file>file:/C:/School/Basis/Basis2017/zSoftware/Netbeans/GridWorld/src/examples/firstproject/BugRunner.java</file>
            <file>file:/C:/School/Basis/Basis2017/zSoftware/Netbeans/GridWorld/src/info/gridworld/grid/Location.java</file>
            <file>file:/C:/School/Basis/Basis2017/zSoftware/Netbeans/GridWorld/src/exercises/zbug/ZBugRunner.java</file>
        </group>
    </open-files>
</project-private>
