<?xml version="1.0" encoding="UTF-8"?>
<project-private xmlns="http://www.netbeans.org/ns/project-private/1">
    <editor-bookmarks xmlns="http://www.netbeans.org/ns/editor-bookmarks/2" lastBookmarkId="0"/>
    <open-files xmlns="http://www.netbeans.org/ns/projectui-open-files/2">
        <group>
            <file>file:/C:/School/Basis/Basis2019/zSoftware/Netbeans/Racko2019/src/racko/run/RunMatch.java</file>
            <file>file:/C:/School/Basis/Basis2019/zSoftware/Netbeans/Racko2019/src/racko/run/RunSolo.java</file>
            <file>file:/C:/School/Basis/Basis2019/zSoftware/Netbeans/Racko2019/src/racko/run/RunBenchmark.java</file>
            <file>file:/C:/School/Basis/Basis2019/zSoftware/Netbeans/Racko2019/src/racko/run/RunTournament.java</file>
            <file>file:/C:/School/Basis/Basis2019/zSoftware/Netbeans/Racko2019/src/racko/run/RunDual.java</file>
        </group>
    </open-files>
</project-private>
