<?xml version="1.0" encoding="UTF-8"?>
<project-private xmlns="http://www.netbeans.org/ns/project-private/1">
    <editor-bookmarks xmlns="http://www.netbeans.org/ns/editor-bookmarks/2" lastBookmarkId="0"/>
    <open-files xmlns="http://www.netbeans.org/ns/projectui-open-files/2">
        <group>
            <file>file:/C:/School/Basis/Basis2017/zSoftware/Netbeans/GridWorld/src/life/world/Cell.java</file>
            <file>file:/C:/School/Basis/Basis2017/zSoftware/Netbeans/GridWorld/src/info/gridworld/gui/GUIController.java</file>
            <file>file:/C:/School/Basis/Basis2017/zSoftware/Netbeans/GridWorld/src/info/gridworld/actor/ActorWorld.java</file>
            <file>file:/C:/School/Basis/Basis2017/zSoftware/Netbeans/GridWorld/src/life/zeus/ZeusRunner.java</file>
            <file>file:/C:/School/Basis/Basis2017/zSoftware/Netbeans/GridWorld/src/info/gridworld/gui/GridPanel.java</file>
            <file>file:/C:/School/Basis/Basis2017/zSoftware/Netbeans/GridWorld/src/assessments/TestRunner.java</file>
            <file>file:/C:/School/Basis/Basis2017/zSoftware/Netbeans/GridWorld/src/life/zeus/Cell.java</file>
            <file>file:/C:/School/Basis/Basis2017/zSoftware/Netbeans/GridWorld/src/info/gridworld/world/World.java</file>
            <file>file:/C:/School/Basis/Basis2017/zSoftware/Netbeans/GridWorld/src/info/gridworld/grid/AbstractGrid.java</file>
            <file>file:/C:/School/Basis/Basis2017/zSoftware/Netbeans/GridWorld/src/life/world/Organism.java</file>
            <file>file:/C:/School/Basis/Basis2017/zSoftware/Netbeans/GridWorld/src/life/world/CellRunner.java</file>
            <file>file:/C:/School/Basis/Basis2017/zSoftware/Netbeans/GridWorld/src/life/world/CellWorld.java</file>
            <file>file:/C:/School/Basis/Basis2017/zSoftware/Netbeans/GridWorld/src/assessments/SubActor.java</file>
            <file>file:/C:/School/Basis/Basis2017/zSoftware/Netbeans/GridWorld/src/life/zeus/Zeus.java</file>
            <file>file:/C:/School/Basis/Basis2017/zSoftware/Netbeans/GridWorld/src/info/gridworld/grid/UnboundedGrid.java</file>
        </group>
    </open-files>
</project-private>
