<?xml version="1.0" encoding="UTF-8"?>
<project-private xmlns="http://www.netbeans.org/ns/project-private/1">
    <editor-bookmarks xmlns="http://www.netbeans.org/ns/editor-bookmarks/2" lastBookmarkId="0"/>
    <open-files xmlns="http://www.netbeans.org/ns/projectui-open-files/2">
        <group>
            <file>file:/C:/School/Basis/Basis2016/zSoftware/Netbeans/Racko/src/racko/PlayerFlatworm.java</file>
            <file>file:/C:/School/Basis/Basis2016/zSoftware/Netbeans/Racko/src/racko/GameSolo.java</file>
            <file>file:/C:/School/Basis/Basis2016/zSoftware/Netbeans/Racko/src/racko/GameDual.java</file>
            <file>file:/C:/School/Basis/Basis2016/zSoftware/Netbeans/Racko/src/racko/Deck.java</file>
            <file>file:/C:/School/Basis/Basis2016/zSoftware/Netbeans/Racko/src/racko/Player.java</file>
            <file>file:/C:/School/Basis/Basis2016/zSoftware/Netbeans/Racko/src/racko/Rack.java</file>
            <file>file:/C:/School/Basis/Basis2016/zSoftware/Netbeans/Racko/src/racko/PlayerSquid.java</file>
        </group>
    </open-files>
</project-private>
