<?xml version="1.0" encoding="UTF-8"?>
<project-private xmlns="http://www.netbeans.org/ns/project-private/1">
    <editor-bookmarks xmlns="http://www.netbeans.org/ns/editor-bookmarks/2" lastBookmarkId="0"/>
    <open-files xmlns="http://www.netbeans.org/ns/projectui-open-files/2">
        <group>
            <file>file:/C:/School/Sonoran/Paragon2021/zSoftware/Netbeans/Gomoku_Gift/src/gomoku/animals/PlayerArtichoke.java</file>
            <file>file:/C:/School/Sonoran/Paragon2021/zSoftware/Netbeans/Gomoku_Gift/src/gomoku/JFrameTournament.java</file>
            <file>file:/C:/School/Sonoran/Paragon2021/zSoftware/Netbeans/Gomoku_Gift/src/gomoku/animals/PlayerAlgae.java</file>
            <file>file:/C:/School/Sonoran/Paragon2021/zSoftware/Netbeans/Gomoku_Gift/src/gomoku/JFrameGame.java</file>
            <file>file:/C:/School/Sonoran/Paragon2021/zSoftware/Netbeans/Gomoku_Gift/src/gomoku/JPanelBoard.java</file>
            <file>file:/C:/School/Sonoran/Paragon2021/zSoftware/Netbeans/Gomoku_Gift/src/gomoku/players/PlayerRandom.java</file>
            <file>file:/C:/School/Sonoran/Paragon2021/zSoftware/Netbeans/Gomoku_Gift/src/gomoku/JFrameMatch.java</file>
            <file>file:/C:/School/Sonoran/Paragon2021/zSoftware/Netbeans/Gomoku_Gift/src/gomoku/Tournament.java</file>
            <file>file:/C:/School/Sonoran/Paragon2021/zSoftware/Netbeans/Gomoku_Gift/src/gomoku/animals/PlayerAsparagus.java</file>
            <file>file:/C:/School/Sonoran/Paragon2021/zSoftware/Netbeans/Gomoku_Gift/src/gomoku/animals/PlayerAnimal.java</file>
        </group>
    </open-files>
</project-private>
