<?xml version="1.0" encoding="UTF-8"?>
<project-private xmlns="http://www.netbeans.org/ns/project-private/1">
    <editor-bookmarks xmlns="http://www.netbeans.org/ns/editor-bookmarks/2" lastBookmarkId="0"/>
    <open-files xmlns="http://www.netbeans.org/ns/projectui-open-files/2">
        <group>
            <file>file:/C:/School/Basis/Basis2017/zSoftware/Netbeans/Racko_Base20180220/src/racko/RunConsole.java</file>
            <file>file:/C:/School/Basis/Basis2017/zSoftware/Netbeans/Racko_Base20180220/src/racko/RunMatch.java</file>
            <file>file:/C:/School/Basis/Basis2017/zSoftware/Netbeans/Racko_Base20180220/src/racko/RunTournament.java</file>
            <file>file:/C:/School/Basis/Basis2017/zSoftware/Netbeans/Racko_Base20180220/src/racko/RunBenchmark.java</file>
            <file>file:/C:/School/Basis/Basis2017/zSoftware/Netbeans/Racko_Base20180220/src/racko/RunDual.java</file>
        </group>
    </open-files>
</project-private>
