<?xml version="1.0" encoding="UTF-8"?>
<project-private xmlns="http://www.netbeans.org/ns/project-private/1">
    <editor-bookmarks xmlns="http://www.netbeans.org/ns/editor-bookmarks/2" lastBookmarkId="0"/>
    <open-files xmlns="http://www.netbeans.org/ns/projectui-open-files/2">
        <group>
            <file>file:/C:/School/Basis/Basis2017/zSoftware/Netbeans/Gomoku_Base/src/gomoku/JFrameMatch.java</file>
            <file>file:/C:/School/Basis/Basis2017/zSoftware/Netbeans/Gomoku_Base/src/gomoku/PlayerSpider.java</file>
            <file>file:/C:/School/Basis/Basis2017/zSoftware/Netbeans/Gomoku_Base/src/gomoku/JPanelScore.java</file>
            <file>file:/C:/School/Basis/Basis2017/zSoftware/Netbeans/Gomoku_Base/src/gomoku/Tournament.java</file>
            <file>file:/C:/School/Basis/Basis2017/zSoftware/Netbeans/Gomoku_Base/src/gomoku/JPanelBoard.java</file>
        </group>
    </open-files>
</project-private>
